n,author,title_en,title_de,langs,source_hint
1,Johann Wolfgang von Goethe,"Faust, Part I",Faust. Der Tragödie erster Teil,DE + EN translation (verify),Wikisource (DE) / Zeno.org (DE) / Project Gutenberg (EN) (verify)
2,Johann Wolfgang von Goethe,"Faust, Part II",Faust. Der Tragödie zweiter Teil,DE + EN translation (verify),Wikisource (DE) / Zeno.org (DE) / Project Gutenberg (EN) (verify)
3,Johann Wolfgang von Goethe,The Sorrows of Young Werther,Die Leiden des jungen Werther,DE + EN translation (verify),Wikisource (DE) / Zeno.org (DE) / Project Gutenberg (EN) (verify)
4,Johann Wolfgang von Goethe,Wilhelm Meister's Apprenticeship,Wilhelm Meisters Lehrjahre,DE + EN translation (verify),Wikisource (DE) / Zeno.org (DE) / Project Gutenberg (EN) (verify)
5,Johann Wolfgang von Goethe,Italian Journey,Italienische Reise,DE + EN translation (verify),Wikisource (DE) / Zeno.org (DE) / Project Gutenberg (EN) (verify)
6,Friedrich Schiller,William Tell,Wilhelm Tell,DE + EN translation (verify),Wikisource (DE) / Zeno.org (DE) / Project Gutenberg (EN) (verify)
7,Friedrich Schiller,Mary Stuart,Maria Stuart,DE + EN translation (verify),Wikisource (DE) / Zeno.org (DE) / Project Gutenberg (EN) (verify)
8,Friedrich Schiller,The Robbers,Die Räuber,DE + EN translation (verify),Wikisource (DE) / Zeno.org (DE) / Project Gutenberg (EN) (verify)
9,Friedrich Schiller,Don Carlos,Don Karlos,DE + EN translation (verify),Wikisource (DE) / Zeno.org (DE) / Project Gutenberg (EN) (verify)
10,Gotthold Ephraim Lessing,Nathan the Wise,Nathan der Weise,DE + EN translation (verify),Wikisource (DE) / Zeno.org (DE) / Project Gutenberg (EN) (verify)
11,Heinrich von Kleist,The Broken Jug,Der zerbrochne Krug,DE + EN translation (verify),Wikisource (DE) / Zeno.org (DE) / Project Gutenberg (EN) (verify)
12,Heinrich von Kleist,Michael Kohlhaas,Michael Kohlhaas,DE + EN translation (verify),Wikisource (DE) / Zeno.org (DE) / Project Gutenberg (EN) (verify)
13,E. T. A. Hoffmann,The Sandman,Der Sandmann,DE + EN translation (verify),Wikisource (DE) / Zeno.org (DE) / Project Gutenberg (EN) (verify)
14,E. T. A. Hoffmann,The Devil's Elixirs,Die Elixiere des Teufels,DE + EN translation (verify),Wikisource (DE) / Zeno.org (DE) / Project Gutenberg (EN) (verify)
15,Heinrich Heine,Book of Songs,Buch der Lieder,DE + EN translation (verify),Wikisource (DE) / Zeno.org (DE) / Project Gutenberg (EN) (verify)
16,Theodor Storm,The Rider on the White Horse,Der Schimmelreiter,DE + EN translation (verify),Wikisource (DE) / Zeno.org (DE) / Project Gutenberg (EN) (verify)
17,Theodor Fontane,Effi Briest,Effi Briest,DE + EN translation (verify),Wikisource (DE) / Zeno.org (DE) / Project Gutenberg (EN) (verify)
18,Theodor Fontane,The Stechlin,Der Stechlin,DE + EN translation (verify),Wikisource (DE) / Zeno.org (DE) / Project Gutenberg (EN) (verify)
19,Franz Kafka,The Metamorphosis,Die Verwandlung,DE + EN translation (verify),Wikisource (DE) / Zeno.org (DE) / Project Gutenberg (EN) (verify)
20,Franz Kafka,The Trial,Der Prozess,DE + EN translation (verify),Wikisource (DE) / Zeno.org (DE) / Project Gutenberg (EN) (verify)
21,Franz Kafka,The Castle,Das Schloss,DE + EN translation (verify),Wikisource (DE) / Zeno.org (DE) / Project Gutenberg (EN) (verify)
22,Brothers Grimm,Grimms' Fairy Tales,Kinder- und Hausmärchen,DE + EN translation (verify),Wikisource (DE) / Zeno.org (DE) / Project Gutenberg (EN) (verify)
23,Wilhelm Busch,Max and Moritz,Max und Moritz,DE + EN translation (verify),Wikisource (DE) / Zeno.org (DE) / Project Gutenberg (EN) (verify)
24,Georg Büchner,Woyzeck,Woyzeck,DE + EN translation (verify),Wikisource (DE) / Zeno.org (DE) / Project Gutenberg (EN) (verify)
25,Georg Büchner,Danton's Death,Dantons Tod,DE + EN translation (verify),Wikisource (DE) / Zeno.org (DE) / Project Gutenberg (EN) (verify)
26,Bettina von Arnim,Goethe's Correspondence with a Child,Goethes Briefwechsel mit einem Kinde,DE + EN translation (verify),Wikisource (DE) / Zeno.org (DE) / Project Gutenberg (EN) (verify)
27,Annette von Droste-Hülshoff,The Jew's Beech,Die Judenbuche,DE + EN translation (verify),Wikisource (DE) / Zeno.org (DE) / Project Gutenberg (EN) (verify)
28,Adalbert Stifter,Rock Crystal,Bergkristall,DE + EN translation (verify),Wikisource (DE) / Zeno.org (DE) / Project Gutenberg (EN) (verify)
29,Gottfried Keller,Romeo and Juliet in the Village,Romeo und Julia auf dem Dorfe,DE + EN translation (verify),Wikisource (DE) / Zeno.org (DE) / Project Gutenberg (EN) (verify)
30,Friedrich Hölderlin,Hyperion,Hyperion oder Der Eremit in Griechenland,DE + EN translation (verify),Wikisource (DE) / Zeno.org (DE) / Project Gutenberg (EN) (verify)
31,William Shakespeare,Hamlet,Hamlet,EN + DE translation (verify),Project Gutenberg (EN); PD translations via Wikisource/IA (verify)
32,William Shakespeare,Macbeth,Macbeth,EN + DE translation (verify),Project Gutenberg (EN); PD translations via Wikisource/IA (verify)
33,William Shakespeare,Othello,Othello,EN + DE translation (verify),Project Gutenberg (EN); PD translations via Wikisource/IA (verify)
34,William Shakespeare,King Lear,König Lear,EN + DE translation (verify),Project Gutenberg (EN); PD translations via Wikisource/IA (verify)
35,William Shakespeare,Romeo and Juliet,Romeo und Julia,EN + DE translation (verify),Project Gutenberg (EN); PD translations via Wikisource/IA (verify)
36,William Shakespeare,A Midsummer Night's Dream,Ein Sommernachtstraum,EN + DE translation (verify),Project Gutenberg (EN); PD translations via Wikisource/IA (verify)
37,Jane Austen,Pride and Prejudice,Stolz und Vorurteil,EN + DE translation (verify),Project Gutenberg (EN); PD translations via Wikisource/IA (verify)
38,Jane Austen,Sense and Sensibility,Sinn und Sinnlichkeit,EN + DE translation (verify),Project Gutenberg (EN); PD translations via Wikisource/IA (verify)
39,Jane Austen,Emma,Emma,EN + DE translation (verify),Project Gutenberg (EN); PD translations via Wikisource/IA (verify)
40,Charlotte Brontë,Jane Eyre,Jane Eyre,EN + DE translation (verify),Project Gutenberg (EN); PD translations via Wikisource/IA (verify)
41,Emily Brontë,Wuthering Heights,Sturmhöhe,EN + DE translation (verify),Project Gutenberg (EN); PD translations via Wikisource/IA (verify)
42,Charles Dickens,Great Expectations,Große Erwartungen,EN + DE translation (verify),Project Gutenberg (EN); PD translations via Wikisource/IA (verify)
43,Charles Dickens,Oliver Twist,Oliver Twist,EN + DE translation (verify),Project Gutenberg (EN); PD translations via Wikisource/IA (verify)
44,Charles Dickens,A Christmas Carol,Eine Weihnachtsgeschichte,EN + DE translation (verify),Project Gutenberg (EN); PD translations via Wikisource/IA (verify)
45,Charles Dickens,David Copperfield,David Copperfield,EN + DE translation (verify),Project Gutenberg (EN); PD translations via Wikisource/IA (verify)
46,Mark Twain,Adventures of Huckleberry Finn,Die Abenteuer des Huckleberry Finn,EN + DE translation (verify),Project Gutenberg (EN); PD translations via Wikisource/IA (verify)
47,Mark Twain,The Adventures of Tom Sawyer,Die Abenteuer des Tom Sawyer,EN + DE translation (verify),Project Gutenberg (EN); PD translations via Wikisource/IA (verify)
48,Herman Melville,Moby-Dick,Moby-Dick oder Der Wal,EN + DE translation (verify),Project Gutenberg (EN); PD translations via Wikisource/IA (verify)
49,Nathaniel Hawthorne,The Scarlet Letter,Der scharlachrote Buchstabe,EN + DE translation (verify),Project Gutenberg (EN); PD translations via Wikisource/IA (verify)
50,Edgar Allan Poe,Tales of Mystery and Imagination,Erzählungen (Poe),EN + DE translation (verify),Project Gutenberg (EN); PD translations via Wikisource/IA (verify)
51,Oscar Wilde,The Picture of Dorian Gray,Das Bildnis des Dorian Gray,EN + DE translation (verify),Project Gutenberg (EN); PD translations via Wikisource/IA (verify)
52,Robert Louis Stevenson,Treasure Island,Die Schatzinsel,EN + DE translation (verify),Project Gutenberg (EN); PD translations via Wikisource/IA (verify)
53,H. G. Wells,The Time Machine,Die Zeitmaschine,EN + DE translation (verify),Project Gutenberg (EN); PD translations via Wikisource/IA (verify)
54,H. G. Wells,The War of the Worlds,Der Krieg der Welten,EN + DE translation (verify),Project Gutenberg (EN); PD translations via Wikisource/IA (verify)
55,Mary Shelley,Frankenstein,Frankenstein,EN + DE translation (verify),Project Gutenberg (EN); PD translations via Wikisource/IA (verify)
56,Bram Stoker,Dracula,Dracula,EN + DE translation (verify),Project Gutenberg (EN); PD translations via Wikisource/IA (verify)
57,Lewis Carroll,Alice's Adventures in Wonderland,Alice im Wunderland,EN + DE translation (verify),Project Gutenberg (EN); PD translations via Wikisource/IA (verify)
58,L. Frank Baum,The Wonderful Wizard of Oz,Der Zauberer von Oz,EN + DE translation (verify),Project Gutenberg (EN); PD translations via Wikisource/IA (verify)
59,Arthur Conan Doyle,A Study in Scarlet,Eine Studie in Scharlachrot,EN + DE translation (verify),Project Gutenberg (EN); PD translations via Wikisource/IA (verify)
60,Arthur Conan Doyle,The Hound of the Baskervilles,Der Hund von Baskerville,EN + DE translation (verify),Project Gutenberg (EN); PD translations via Wikisource/IA (verify)
61,Miguel de Cervantes,Don Quixote,Don Quijote (dt. Übers.: Don Quijote),Original + EN/DE (verify),Project Gutenberg / Wikisource / Internet Archive (verify)
62,Dante Alighieri,The Divine Comedy,Die Göttliche Komödie,Original + EN/DE (verify),Project Gutenberg / Wikisource / Internet Archive (verify)
63,Victor Hugo,Les Misérables,Les Misérables (dt. Übers.: Die Elenden),Original + EN/DE (verify),Project Gutenberg / Wikisource / Internet Archive (verify)
64,Victor Hugo,The Hunchback of Notre-Dame,Der Glöckner von Notre-Dame,Original + EN/DE (verify),Project Gutenberg / Wikisource / Internet Archive (verify)
65,Alexandre Dumas,The Three Musketeers,Die drei Musketiere,Original + EN/DE (verify),Project Gutenberg / Wikisource / Internet Archive (verify)
66,Alexandre Dumas,The Count of Monte Cristo,Der Graf von Monte Christo,Original + EN/DE (verify),Project Gutenberg / Wikisource / Internet Archive (verify)
67,Gustave Flaubert,Madame Bovary,Madame Bovary,Original + EN/DE (verify),Project Gutenberg / Wikisource / Internet Archive (verify)
68,Jules Verne,Twenty Thousand Leagues Under the Seas,20.000 Meilen unter dem Meer,Original + EN/DE (verify),Project Gutenberg / Wikisource / Internet Archive (verify)
69,Jules Verne,Journey to the Center of the Earth,Reise zum Mittelpunkt der Erde,Original + EN/DE (verify),Project Gutenberg / Wikisource / Internet Archive (verify)
70,Jules Verne,Around the World in Eighty Days,In 80 Tagen um die Welt,Original + EN/DE (verify),Project Gutenberg / Wikisource / Internet Archive (verify)
71,Leo Tolstoy,War and Peace,Krieg und Frieden,Original + EN/DE (verify),Project Gutenberg / Wikisource / Internet Archive (verify)
72,Leo Tolstoy,Anna Karenina,Anna Karenina,Original + EN/DE (verify),Project Gutenberg / Wikisource / Internet Archive (verify)
73,Fyodor Dostoevsky,Crime and Punishment,Schuld und Sühne,Original + EN/DE (verify),Project Gutenberg / Wikisource / Internet Archive (verify)
74,Fyodor Dostoevsky,The Brothers Karamazov,Die Brüder Karamasow,Original + EN/DE (verify),Project Gutenberg / Wikisource / Internet Archive (verify)
75,Fyodor Dostoevsky,Notes from Underground,Aufzeichnungen aus dem Untergrund,Original + EN/DE (verify),Project Gutenberg / Wikisource / Internet Archive (verify)
76,Anton Chekhov,Selected Short Stories,Erzählungen (Tschechow),Original + EN/DE (verify),Project Gutenberg / Wikisource / Internet Archive (verify)
77,Hans Christian Andersen,Fairy Tales,Märchen (Andersen),Original + EN/DE (verify),Project Gutenberg / Wikisource / Internet Archive (verify)
78,Henrik Ibsen,A Doll's House,Nora oder Ein Puppenheim,Original + EN/DE (verify),Project Gutenberg / Wikisource / Internet Archive (verify)
79,Henrik Ibsen,Peer Gynt,Peer Gynt,Original + EN/DE (verify),Project Gutenberg / Wikisource / Internet Archive (verify)
80,James Joyce,Dubliners,Dubliner,Original + EN/DE (verify),Project Gutenberg / Wikisource / Internet Archive (verify)
81,Marcel Proust,Swann's Way,Auf der Suche nach der verlorenen Zeit (Bd. 1),Original + EN/DE (verify),Project Gutenberg / Wikisource / Internet Archive (verify)
82,Homer,The Iliad,Ilias,Multiple translations (verify),Project Gutenberg / Wikisource (verify)
83,Homer,The Odyssey,Odyssee,Multiple translations (verify),Project Gutenberg / Wikisource (verify)
84,Virgil,The Aeneid,Aeneis,Multiple translations (verify),Project Gutenberg / Wikisource (verify)
85,Ovid,Metamorphoses,Metamorphosen,Multiple translations (verify),Project Gutenberg / Wikisource (verify)
86,Plato,The Republic,Der Staat,Multiple translations (verify),Project Gutenberg / Wikisource (verify)
87,Plato,Apology,Apologie des Sokrates,Multiple translations (verify),Project Gutenberg / Wikisource (verify)
88,Plato,Symposium,Symposion,Multiple translations (verify),Project Gutenberg / Wikisource (verify)
89,Aristotle,Nicomachean Ethics,Nikomachische Ethik,Multiple translations (verify),Project Gutenberg / Wikisource (verify)
90,Aristotle,Poetics,Poetik,Multiple translations (verify),Project Gutenberg / Wikisource (verify)
91,Marcus Aurelius,Meditations,Selbstbetrachtungen,Multiple translations (verify),Project Gutenberg / Wikisource (verify)
92,Cicero,On Duties,De officiis,Multiple translations (verify),Project Gutenberg / Wikisource (verify)
93,Sun Tzu,The Art of War,Die Kunst des Krieges,Multiple translations (verify),Project Gutenberg / Wikisource (verify)
94,Laozi,Tao Te Ching,Daodejing,Multiple translations (verify),Project Gutenberg / Wikisource (verify)
95,The Epic of Gilgamesh,Epic of Gilgamesh,Gilgamesch-Epos,Multiple translations (verify),Project Gutenberg / Wikisource (verify)
96,Beowulf,Beowulf,Beowulf,Multiple translations (verify),Project Gutenberg / Wikisource (verify)
97,Anonymous,Nibelungenlied,Nibelungenlied,Multiple translations (verify),Project Gutenberg / Wikisource (verify)
98,Anonymous,The Song of Roland,Rolandslied,Multiple translations (verify),Project Gutenberg / Wikisource (verify)
99,Geoffrey Chaucer,The Canterbury Tales,Canterbury-Erzählungen,Multiple translations (verify),Project Gutenberg / Wikisource (verify)
100,Giovanni Boccaccio,The Decameron,Dekameron,Multiple translations (verify),Project Gutenberg / Wikisource (verify)
101,François Rabelais,Gargantua and Pantagruel,Gargantua und Pantagruel,Multiple translations (verify),Project Gutenberg / Wikisource (verify)
102,William Shakespeare,All's Well That Ends Well,,EN + DE translation (verify),Project Gutenberg (EN); PD translations (verify)
103,William Shakespeare,Antony and Cleopatra,,EN + DE translation (verify),Project Gutenberg (EN); PD translations (verify)
104,William Shakespeare,As You Like It,,EN + DE translation (verify),Project Gutenberg (EN); PD translations (verify)
105,William Shakespeare,Coriolanus,,EN + DE translation (verify),Project Gutenberg (EN); PD translations (verify)
106,William Shakespeare,Cymbeline,,EN + DE translation (verify),Project Gutenberg (EN); PD translations (verify)
107,William Shakespeare,"Henry IV, Part 1",,EN + DE translation (verify),Project Gutenberg (EN); PD translations (verify)
108,William Shakespeare,"Henry IV, Part 2",,EN + DE translation (verify),Project Gutenberg (EN); PD translations (verify)
109,William Shakespeare,Henry V,,EN + DE translation (verify),Project Gutenberg (EN); PD translations (verify)
110,William Shakespeare,"Henry VI, Part 1",,EN + DE translation (verify),Project Gutenberg (EN); PD translations (verify)
111,William Shakespeare,"Henry VI, Part 2",,EN + DE translation (verify),Project Gutenberg (EN); PD translations (verify)
112,William Shakespeare,"Henry VI, Part 3",,EN + DE translation (verify),Project Gutenberg (EN); PD translations (verify)
113,William Shakespeare,Henry VIII,,EN + DE translation (verify),Project Gutenberg (EN); PD translations (verify)
114,William Shakespeare,Julius Caesar,,EN + DE translation (verify),Project Gutenberg (EN); PD translations (verify)
115,William Shakespeare,King John,,EN + DE translation (verify),Project Gutenberg (EN); PD translations (verify)
116,William Shakespeare,Love's Labour's Lost,,EN + DE translation (verify),Project Gutenberg (EN); PD translations (verify)
117,William Shakespeare,Measure for Measure,,EN + DE translation (verify),Project Gutenberg (EN); PD translations (verify)
118,William Shakespeare,Much Ado About Nothing,,EN + DE translation (verify),Project Gutenberg (EN); PD translations (verify)
119,William Shakespeare,Richard II,,EN + DE translation (verify),Project Gutenberg (EN); PD translations (verify)
120,William Shakespeare,Richard III,,EN + DE translation (verify),Project Gutenberg (EN); PD translations (verify)
121,William Shakespeare,The Comedy of Errors,,EN + DE translation (verify),Project Gutenberg (EN); PD translations (verify)
122,William Shakespeare,The Merchant of Venice,,EN + DE translation (verify),Project Gutenberg (EN); PD translations (verify)
123,William Shakespeare,The Merry Wives of Windsor,,EN + DE translation (verify),Project Gutenberg (EN); PD translations (verify)
124,William Shakespeare,The Taming of the Shrew,,EN + DE translation (verify),Project Gutenberg (EN); PD translations (verify)
125,William Shakespeare,The Tempest,,EN + DE translation (verify),Project Gutenberg (EN); PD translations (verify)
126,William Shakespeare,The Two Gentlemen of Verona,,EN + DE translation (verify),Project Gutenberg (EN); PD translations (verify)
127,William Shakespeare,The Winter's Tale,,EN + DE translation (verify),Project Gutenberg (EN); PD translations (verify)
128,William Shakespeare,Timon of Athens,,EN + DE translation (verify),Project Gutenberg (EN); PD translations (verify)
129,William Shakespeare,Titus Andronicus,,EN + DE translation (verify),Project Gutenberg (EN); PD translations (verify)
130,William Shakespeare,Troilus and Cressida,,EN + DE translation (verify),Project Gutenberg (EN); PD translations (verify)
131,William Shakespeare,Twelfth Night,,EN + DE translation (verify),Project Gutenberg (EN); PD translations (verify)
132,William Shakespeare,The Two Noble Kinsmen,,EN + DE translation (verify),Project Gutenberg (EN); PD translations (verify)
133,William Shakespeare,"Pericles, Prince of Tyre",,EN + DE translation (verify),Project Gutenberg (EN); PD translations (verify)
134,William Shakespeare,Sonnets,,EN + DE translation (verify),Project Gutenberg (EN); PD translations (verify)
135,William Shakespeare,Venus and Adonis,,EN + DE translation (verify),Project Gutenberg (EN); PD translations (verify)
136,William Shakespeare,The Rape of Lucrece,,EN + DE translation (verify),Project Gutenberg (EN); PD translations (verify)
137,Brothers Grimm,Grimms' Fairy Tales (complete collection),Kinder- und Hausmärchen (Gesamtausgabe),DE + EN (verify),Wikisource (DE) / Project Gutenberg (EN) (verify)
138,Brothers Grimm,Fairy Tale: The Frog King,,DE + EN (verify),Wikisource/Project Gutenberg (verify)
139,Brothers Grimm,Fairy Tale: Hansel and Gretel,,DE + EN (verify),Wikisource/Project Gutenberg (verify)
140,Brothers Grimm,Fairy Tale: Cinderella,,DE + EN (verify),Wikisource/Project Gutenberg (verify)
141,Brothers Grimm,Fairy Tale: Snow White,,DE + EN (verify),Wikisource/Project Gutenberg (verify)
142,Brothers Grimm,Fairy Tale: Rapunzel,,DE + EN (verify),Wikisource/Project Gutenberg (verify)
143,Brothers Grimm,Fairy Tale: Rumpelstiltskin,,DE + EN (verify),Wikisource/Project Gutenberg (verify)
144,Brothers Grimm,Fairy Tale: Little Red Riding Hood,,DE + EN (verify),Wikisource/Project Gutenberg (verify)
145,Brothers Grimm,Fairy Tale: Briar Rose (Sleeping Beauty),,DE + EN (verify),Wikisource/Project Gutenberg (verify)
146,Brothers Grimm,Fairy Tale: The Twelve Brothers,,DE + EN (verify),Wikisource/Project Gutenberg (verify)
147,Brothers Grimm,Fairy Tale: The Fisherman and His Wife,,DE + EN (verify),Wikisource/Project Gutenberg (verify)
148,Brothers Grimm,Fairy Tale: The Golden Goose,,DE + EN (verify),Wikisource/Project Gutenberg (verify)
149,Brothers Grimm,Fairy Tale: The Town Musicians of Bremen,,DE + EN (verify),Wikisource/Project Gutenberg (verify)
150,Brothers Grimm,Fairy Tale: The Elves and the Shoemaker,,DE + EN (verify),Wikisource/Project Gutenberg (verify)
151,Brothers Grimm,Fairy Tale: The Brave Little Tailor,,DE + EN (verify),Wikisource/Project Gutenberg (verify)
152,Brothers Grimm,Fairy Tale: The Wolf and the Seven Little Kids,,DE + EN (verify),Wikisource/Project Gutenberg (verify)
153,Brothers Grimm,Fairy Tale: The Juniper Tree,,DE + EN (verify),Wikisource/Project Gutenberg (verify)
154,Brothers Grimm,Fairy Tale: The Six Swans,,DE + EN (verify),Wikisource/Project Gutenberg (verify)
155,Brothers Grimm,Fairy Tale: The Seven Ravens,,DE + EN (verify),Wikisource/Project Gutenberg (verify)
156,Brothers Grimm,Fairy Tale: The Water of Life,,DE + EN (verify),Wikisource/Project Gutenberg (verify)
157,Brothers Grimm,Fairy Tale: The Devil with the Three Golden Hairs,,DE + EN (verify),Wikisource/Project Gutenberg (verify)
158,Brothers Grimm,Fairy Tale: Mother Holle,,DE + EN (verify),Wikisource/Project Gutenberg (verify)
159,Brothers Grimm,Fairy Tale: The Goose Girl,,DE + EN (verify),Wikisource/Project Gutenberg (verify)
160,Brothers Grimm,Fairy Tale: The Twelve Dancing Princesses,,DE + EN (verify),Wikisource/Project Gutenberg (verify)
161,Brothers Grimm,Fairy Tale: The Emperor's New Clothes,,DE + EN (verify),Wikisource/Project Gutenberg (verify)
162,Brothers Grimm,Fairy Tale: The Three Spinners,,DE + EN (verify),Wikisource/Project Gutenberg (verify)
163,Brothers Grimm,Fairy Tale: The Iron Stove,,DE + EN (verify),Wikisource/Project Gutenberg (verify)
164,Brothers Grimm,Fairy Tale: The Master Thief,,DE + EN (verify),Wikisource/Project Gutenberg (verify)
165,Brothers Grimm,Fairy Tale: The Spirit in the Bottle,,DE + EN (verify),Wikisource/Project Gutenberg (verify)
166,Brothers Grimm,Fairy Tale: The Old Woman in the Wood,,DE + EN (verify),Wikisource/Project Gutenberg (verify)
167,Brothers Grimm,Fairy Tale: The Star-Money,,DE + EN (verify),Wikisource/Project Gutenberg (verify)
168,Brothers Grimm,Fairy Tale: The Pink,,DE + EN (verify),Wikisource/Project Gutenberg (verify)
169,Brothers Grimm,Fairy Tale: The Golden Bird,,DE + EN (verify),Wikisource/Project Gutenberg (verify)
170,Brothers Grimm,Fairy Tale: The Two Brothers,,DE + EN (verify),Wikisource/Project Gutenberg (verify)
171,Brothers Grimm,Fairy Tale: The Shoes That Were Danced to Pieces,,DE + EN (verify),Wikisource/Project Gutenberg (verify)
172,Brothers Grimm,Fairy Tale: The Turnip,,DE + EN (verify),Wikisource/Project Gutenberg (verify)
173,Brothers Grimm,Fairy Tale: The White Snake,,DE + EN (verify),Wikisource/Project Gutenberg (verify)
174,Brothers Grimm,Fairy Tale: The Crystal Ball,,DE + EN (verify),Wikisource/Project Gutenberg (verify)
175,Brothers Grimm,"Fairy Tale: The Magic Table, the Gold Donkey, and the Club in the Sack",,DE + EN (verify),Wikisource/Project Gutenberg (verify)
176,Brothers Grimm,Fairy Tale: The Singing Bone,,DE + EN (verify),Wikisource/Project Gutenberg (verify)
177,Brothers Grimm,Fairy Tale: The Little Farmer,,DE + EN (verify),Wikisource/Project Gutenberg (verify)
178,Molière,Tartuffe,,FR + EN/DE translation (verify),Project Gutenberg / Wikisource / IA (verify)
179,Molière,The Misanthrope,,FR + EN/DE translation (verify),Project Gutenberg / Wikisource / IA (verify)
180,Molière,The Imaginary Invalid,,FR + EN/DE translation (verify),Project Gutenberg / Wikisource / IA (verify)
181,Molière,The School for Wives,,FR + EN/DE translation (verify),Project Gutenberg / Wikisource / IA (verify)
182,Molière,The Learned Ladies,,FR + EN/DE translation (verify),Project Gutenberg / Wikisource / IA (verify)
183,Molière,Don Juan,,FR + EN/DE translation (verify),Project Gutenberg / Wikisource / IA (verify)
184,Molière,The Miser,,FR + EN/DE translation (verify),Project Gutenberg / Wikisource / IA (verify)
185,Molière,The Bourgeois Gentleman,,FR + EN/DE translation (verify),Project Gutenberg / Wikisource / IA (verify)
186,Molière,The Doctor in Spite of Himself,,FR + EN/DE translation (verify),Project Gutenberg / Wikisource / IA (verify)
187,Molière,The Flying Doctor,,FR + EN/DE translation (verify),Project Gutenberg / Wikisource / IA (verify)
188,Molière,The Forced Marriage,,FR + EN/DE translation (verify),Project Gutenberg / Wikisource / IA (verify)
189,Molière,George Dandin,,FR + EN/DE translation (verify),Project Gutenberg / Wikisource / IA (verify)
190,Molière,The Critique of the School for Wives,,FR + EN/DE translation (verify),Project Gutenberg / Wikisource / IA (verify)
191,Molière,The Versailles Impromptu,,FR + EN/DE translation (verify),Project Gutenberg / Wikisource / IA (verify)
192,Molière,The Affected Young Ladies,,FR + EN/DE translation (verify),Project Gutenberg / Wikisource / IA (verify)
193,Molière,The Jealous Husband,,FR + EN/DE translation (verify),Project Gutenberg / Wikisource / IA (verify)
194,Molière,The Love Doctor,,FR + EN/DE translation (verify),Project Gutenberg / Wikisource / IA (verify)
195,Molière,The Princess of Elis,,FR + EN/DE translation (verify),Project Gutenberg / Wikisource / IA (verify)
196,Molière,The Sicilian,,FR + EN/DE translation (verify),Project Gutenberg / Wikisource / IA (verify)
197,Molière,The Countess of Escarbagnas,,FR + EN/DE translation (verify),Project Gutenberg / Wikisource / IA (verify)
198,Molière,The Amorous Doctor,,FR + EN/DE translation (verify),Project Gutenberg / Wikisource / IA (verify)
199,Molière,The Would-Be Gentleman,,FR + EN/DE translation (verify),Project Gutenberg / Wikisource / IA (verify)
200,Molière,The Dumb Lady,,FR + EN/DE translation (verify),Project Gutenberg / Wikisource / IA (verify)
201,Molière,The Ridiculous Precautions,,FR + EN/DE translation (verify),Project Gutenberg / Wikisource / IA (verify)
202,Molière,The Pretentious Ladies,,FR + EN/DE translation (verify),Project Gutenberg / Wikisource / IA (verify)
203,Molière,The Cheats,,FR + EN/DE translation (verify),Project Gutenberg / Wikisource / IA (verify)
204,Molière,The Coquette,,FR + EN/DE translation (verify),Project Gutenberg / Wikisource / IA (verify)
205,Molière,The Amorous Painter,,FR + EN/DE translation (verify),Project Gutenberg / Wikisource / IA (verify)
206,Molière,The Blunderer,,FR + EN/DE translation (verify),Project Gutenberg / Wikisource / IA (verify)
207,Molière,The Spiteful,,FR + EN/DE translation (verify),Project Gutenberg / Wikisource / IA (verify)
208,Molière,The Interruption,,FR + EN/DE translation (verify),Project Gutenberg / Wikisource / IA (verify)
209,Molière,The Grumbler,,FR + EN/DE translation (verify),Project Gutenberg / Wikisource / IA (verify)
210,Molière,The Doctor in Love,,FR + EN/DE translation (verify),Project Gutenberg / Wikisource / IA (verify)
211,Aeschylus,Agamemnon,,GR + EN/DE translation (verify),Project Gutenberg / Wikisource (verify)
212,Aeschylus,The Libation Bearers,,GR + EN/DE translation (verify),Project Gutenberg / Wikisource (verify)
213,Aeschylus,The Eumenides,,GR + EN/DE translation (verify),Project Gutenberg / Wikisource (verify)
214,Aeschylus,Prometheus Bound,,GR + EN/DE translation (verify),Project Gutenberg / Wikisource (verify)
215,Aeschylus,The Persians,,GR + EN/DE translation (verify),Project Gutenberg / Wikisource (verify)
216,Aeschylus,Seven Against Thebes,,GR + EN/DE translation (verify),Project Gutenberg / Wikisource (verify)
217,Aeschylus,The Suppliants,,GR + EN/DE translation (verify),Project Gutenberg / Wikisource (verify)
218,Sophocles,Oedipus Rex,,GR + EN/DE translation (verify),Project Gutenberg / Wikisource (verify)
219,Sophocles,Oedipus at Colonus,,GR + EN/DE translation (verify),Project Gutenberg / Wikisource (verify)
220,Sophocles,Antigone,,GR + EN/DE translation (verify),Project Gutenberg / Wikisource (verify)
221,Sophocles,Electra,,GR + EN/DE translation (verify),Project Gutenberg / Wikisource (verify)
222,Sophocles,Ajax,,GR + EN/DE translation (verify),Project Gutenberg / Wikisource (verify)
223,Sophocles,Philoctetes,,GR + EN/DE translation (verify),Project Gutenberg / Wikisource (verify)
224,Sophocles,The Trachiniae,,GR + EN/DE translation (verify),Project Gutenberg / Wikisource (verify)
225,Euripides,Medea,,GR + EN/DE translation (verify),Project Gutenberg / Wikisource (verify)
226,Euripides,The Bacchae,,GR + EN/DE translation (verify),Project Gutenberg / Wikisource (verify)
227,Euripides,Hippolytus,,GR + EN/DE translation (verify),Project Gutenberg / Wikisource (verify)
228,Euripides,Alcestis,,GR + EN/DE translation (verify),Project Gutenberg / Wikisource (verify)
229,Euripides,The Trojan Women,,GR + EN/DE translation (verify),Project Gutenberg / Wikisource (verify)
230,Euripides,Hecuba,,GR + EN/DE translation (verify),Project Gutenberg / Wikisource (verify)
231,Euripides,Electra,,GR + EN/DE translation (verify),Project Gutenberg / Wikisource (verify)
232,Euripides,Iphigenia in Aulis,,GR + EN/DE translation (verify),Project Gutenberg / Wikisource (verify)
233,Euripides,Iphigenia in Tauris,,GR + EN/DE translation (verify),Project Gutenberg / Wikisource (verify)
234,Euripides,Andromache,,GR + EN/DE translation (verify),Project Gutenberg / Wikisource (verify)
235,Euripides,Helen,,GR + EN/DE translation (verify),Project Gutenberg / Wikisource (verify)
236,Euripides,Heracles,,GR + EN/DE translation (verify),Project Gutenberg / Wikisource (verify)
237,Euripides,Ion,,GR + EN/DE translation (verify),Project Gutenberg / Wikisource (verify)
238,Euripides,Orestes,,GR + EN/DE translation (verify),Project Gutenberg / Wikisource (verify)
239,Euripides,The Phoenician Women,,GR + EN/DE translation (verify),Project Gutenberg / Wikisource (verify)
240,Euripides,Rhesus,,GR + EN/DE translation (verify),Project Gutenberg / Wikisource (verify)
241,Euripides,The Suppliant Women,,GR + EN/DE translation (verify),Project Gutenberg / Wikisource (verify)
242,Euripides,The Cyclops,,GR + EN/DE translation (verify),Project Gutenberg / Wikisource (verify)
243,Euripides,The Children of Heracles,,GR + EN/DE translation (verify),Project Gutenberg / Wikisource (verify)
244,Aristophanes,The Clouds,,GR + EN/DE translation (verify),Project Gutenberg / Wikisource (verify)
245,Aristophanes,The Wasps,,GR + EN/DE translation (verify),Project Gutenberg / Wikisource (verify)
246,Aristophanes,The Birds,,GR + EN/DE translation (verify),Project Gutenberg / Wikisource (verify)
247,Aristophanes,Lysistrata,,GR + EN/DE translation (verify),Project Gutenberg / Wikisource (verify)
248,Aristophanes,The Frogs,,GR + EN/DE translation (verify),Project Gutenberg / Wikisource (verify)
249,Aristophanes,The Knights,,GR + EN/DE translation (verify),Project Gutenberg / Wikisource (verify)
250,Aristophanes,The Acharnians,,GR + EN/DE translation (verify),Project Gutenberg / Wikisource (verify)
251,Aristophanes,Peace,,GR + EN/DE translation (verify),Project Gutenberg / Wikisource (verify)
252,Aristophanes,Women at the Thesmophoria,,GR + EN/DE translation (verify),Project Gutenberg / Wikisource (verify)
253,Aristophanes,The Assemblywomen,,GR + EN/DE translation (verify),Project Gutenberg / Wikisource (verify)
254,Aristophanes,Plutus,,GR + EN/DE translation (verify),Project Gutenberg / Wikisource (verify)
255,Plato,Euthyphro,,GR + EN/DE translation (verify),Project Gutenberg / Wikisource (verify)
256,Plato,Crito,,GR + EN/DE translation (verify),Project Gutenberg / Wikisource (verify)
257,Plato,Phaedo,,GR + EN/DE translation (verify),Project Gutenberg / Wikisource (verify)
258,Plato,Meno,,GR + EN/DE translation (verify),Project Gutenberg / Wikisource (verify)
259,Plato,Gorgias,,GR + EN/DE translation (verify),Project Gutenberg / Wikisource (verify)
260,Plato,Phaedrus,,GR + EN/DE translation (verify),Project Gutenberg / Wikisource (verify)
261,Plato,Timaeus,,GR + EN/DE translation (verify),Project Gutenberg / Wikisource (verify)
262,Plato,Parmenides,,GR + EN/DE translation (verify),Project Gutenberg / Wikisource (verify)
263,Plato,Theaetetus,,GR + EN/DE translation (verify),Project Gutenberg / Wikisource (verify)
264,Plato,Sophist,,GR + EN/DE translation (verify),Project Gutenberg / Wikisource (verify)
265,Plato,Statesman,,GR + EN/DE translation (verify),Project Gutenberg / Wikisource (verify)
266,Plato,Protagoras,,GR + EN/DE translation (verify),Project Gutenberg / Wikisource (verify)
267,Plato,Laches,,GR + EN/DE translation (verify),Project Gutenberg / Wikisource (verify)
268,Plato,Charmides,,GR + EN/DE translation (verify),Project Gutenberg / Wikisource (verify)
269,Plato,Lysis,,GR + EN/DE translation (verify),Project Gutenberg / Wikisource (verify)
270,Plato,Euthydemus,,GR + EN/DE translation (verify),Project Gutenberg / Wikisource (verify)
271,Plato,Hippias Major,,GR + EN/DE translation (verify),Project Gutenberg / Wikisource (verify)
272,Plato,Hippias Minor,,GR + EN/DE translation (verify),Project Gutenberg / Wikisource (verify)
273,Plato,Ion,,GR + EN/DE translation (verify),Project Gutenberg / Wikisource (verify)
274,Plato,Cratylus,,GR + EN/DE translation (verify),Project Gutenberg / Wikisource (verify)
275,Plato,Philebus,,GR + EN/DE translation (verify),Project Gutenberg / Wikisource (verify)
276,Plato,Republic,,GR + EN/DE translation (verify),Project Gutenberg / Wikisource (verify)
277,Plato,Laws,,GR + EN/DE translation (verify),Project Gutenberg / Wikisource (verify)
278,Aristotle,Politics,,GR + EN/DE translation (verify),Project Gutenberg / Wikisource (verify)
279,Aristotle,Rhetoric,,GR + EN/DE translation (verify),Project Gutenberg / Wikisource (verify)
280,Aristotle,Metaphysics,,GR + EN/DE translation (verify),Project Gutenberg / Wikisource (verify)
281,Aristotle,Physics,,GR + EN/DE translation (verify),Project Gutenberg / Wikisource (verify)
282,Aristotle,On the Soul (De Anima),,GR + EN/DE translation (verify),Project Gutenberg / Wikisource (verify)
283,Aristotle,Organon: Categories,,GR + EN/DE translation (verify),Project Gutenberg / Wikisource (verify)
284,Aristotle,Organon: Prior Analytics,,GR + EN/DE translation (verify),Project Gutenberg / Wikisource (verify)
285,Aristotle,Organon: Posterior Analytics,,GR + EN/DE translation (verify),Project Gutenberg / Wikisource (verify)
286,Aristotle,Organon: Topics,,GR + EN/DE translation (verify),Project Gutenberg / Wikisource (verify)
287,Aristotle,Organon: On Interpretation,,GR + EN/DE translation (verify),Project Gutenberg / Wikisource (verify)
288,Aristotle,History of Animals,,GR + EN/DE translation (verify),Project Gutenberg / Wikisource (verify)
289,Aristotle,Parts of Animals,,GR + EN/DE translation (verify),Project Gutenberg / Wikisource (verify)
290,Aristotle,Generation of Animals,,GR + EN/DE translation (verify),Project Gutenberg / Wikisource (verify)
291,Aristotle,Meteorology,,GR + EN/DE translation (verify),Project Gutenberg / Wikisource (verify)
292,Aristotle,On the Heavens,,GR + EN/DE translation (verify),Project Gutenberg / Wikisource (verify)
293,Aristotle,On Generation and Corruption,,GR + EN/DE translation (verify),Project Gutenberg / Wikisource (verify)
294,Aristotle,On Sense and the Sensible,,GR + EN/DE translation (verify),Project Gutenberg / Wikisource (verify)
295,Aristotle,Ethics: Eudemian Ethics,,GR + EN/DE translation (verify),Project Gutenberg / Wikisource (verify)
296,Honoré de Balzac,Father Goriot,,FR + EN/DE translation (verify),Project Gutenberg / IA (verify)
297,Honoré de Balzac,Eugénie Grandet,,FR + EN/DE translation (verify),Project Gutenberg / IA (verify)
298,Honoré de Balzac,Lost Illusions,,FR + EN/DE translation (verify),Project Gutenberg / IA (verify)
299,Honoré de Balzac,Cousin Bette,,FR + EN/DE translation (verify),Project Gutenberg / IA (verify)
300,Honoré de Balzac,Cousin Pons,,FR + EN/DE translation (verify),Project Gutenberg / IA (verify)
301,Honoré de Balzac,Père Goriot (alt),,FR + EN/DE translation (verify),Project Gutenberg / IA (verify)
302,Honoré de Balzac,The Wild Ass's Skin,,FR + EN/DE translation (verify),Project Gutenberg / IA (verify)
303,Honoré de Balzac,Colonel Chabert,,FR + EN/DE translation (verify),Project Gutenberg / IA (verify)
304,Honoré de Balzac,Louis Lambert,,FR + EN/DE translation (verify),Project Gutenberg / IA (verify)
305,Honoré de Balzac,The Girl with the Golden Eyes,,FR + EN/DE translation (verify),Project Gutenberg / IA (verify)
306,Honoré de Balzac,A Harlot High and Low,,FR + EN/DE translation (verify),Project Gutenberg / IA (verify)
307,Honoré de Balzac,The Duchess of Langeais,,FR + EN/DE translation (verify),Project Gutenberg / IA (verify)
308,Honoré de Balzac,The Lily of the Valley,,FR + EN/DE translation (verify),Project Gutenberg / IA (verify)
309,Honoré de Balzac,The Magic Skin,,FR + EN/DE translation (verify),Project Gutenberg / IA (verify)
310,Honoré de Balzac,At the Sign of the Cat and Racket,,FR + EN/DE translation (verify),Project Gutenberg / IA (verify)
311,Honoré de Balzac,A Woman of Thirty,,FR + EN/DE translation (verify),Project Gutenberg / IA (verify)
312,Honoré de Balzac,The Country Doctor,,FR + EN/DE translation (verify),Project Gutenberg / IA (verify)
313,Honoré de Balzac,The Village Priest,,FR + EN/DE translation (verify),Project Gutenberg / IA (verify)
314,Honoré de Balzac,The Deputy of Arcis,,FR + EN/DE translation (verify),Project Gutenberg / IA (verify)
315,Honoré de Balzac,The Black Sheep,,FR + EN/DE translation (verify),Project Gutenberg / IA (verify)
316,Jules Verne,From the Earth to the Moon,,FR + EN/DE translation (verify),Project Gutenberg / IA (verify)
317,Jules Verne,The Mysterious Island,,FR + EN/DE translation (verify),Project Gutenberg / IA (verify)
318,Jules Verne,The Begum's Fortune,,FR + EN/DE translation (verify),Project Gutenberg / IA (verify)
319,Jules Verne,Michael Strogoff,,FR + EN/DE translation (verify),Project Gutenberg / IA (verify)
320,Jules Verne,The Vanished Diamond,,FR + EN/DE translation (verify),Project Gutenberg / IA (verify)
321,Jules Verne,The Secret of Wilhelm Storitz,,FR + EN/DE translation (verify),Project Gutenberg / IA (verify)
322,Jules Verne,The Survivors of the Chancellor,,FR + EN/DE translation (verify),Project Gutenberg / IA (verify)
323,Jules Verne,Five Weeks in a Balloon,,FR + EN/DE translation (verify),Project Gutenberg / IA (verify)
324,Jules Verne,The Steam House,,FR + EN/DE translation (verify),Project Gutenberg / IA (verify)
325,Jules Verne,Robur the Conqueror,,FR + EN/DE translation (verify),Project Gutenberg / IA (verify)
326,Jules Verne,The Master of the World,,FR + EN/DE translation (verify),Project Gutenberg / IA (verify)
327,Jules Verne,The Adventures of Captain Hatteras,,FR + EN/DE translation (verify),Project Gutenberg / IA (verify)
328,Jules Verne,The Green Ray,,FR + EN/DE translation (verify),Project Gutenberg / IA (verify)
329,Jules Verne,Off on a Comet,,FR + EN/DE translation (verify),Project Gutenberg / IA (verify)
330,Jules Verne,The Archipelago on Fire,,FR + EN/DE translation (verify),Project Gutenberg / IA (verify)
331,Jules Verne,The Lighthouse at the End of the World,,FR + EN/DE translation (verify),Project Gutenberg / IA (verify)
332,Jules Verne,"Dick Sand, A Captain at Fifteen",,FR + EN/DE translation (verify),Project Gutenberg / IA (verify)
333,Jules Verne,The Carpathian Castle,,FR + EN/DE translation (verify),Project Gutenberg / IA (verify)
334,Jules Verne,The Will of an Eccentric,,FR + EN/DE translation (verify),Project Gutenberg / IA (verify)
335,Jules Verne,The Purchase of the North Pole,,FR + EN/DE translation (verify),Project Gutenberg / IA (verify)
336,Charles Dickens,Bleak House,,EN + DE translation (verify),Project Gutenberg / IA (verify)
337,Charles Dickens,Hard Times,,EN + DE translation (verify),Project Gutenberg / IA (verify)
338,Charles Dickens,Little Dorrit,,EN + DE translation (verify),Project Gutenberg / IA (verify)
339,Charles Dickens,Nicholas Nickleby,,EN + DE translation (verify),Project Gutenberg / IA (verify)
340,Charles Dickens,The Pickwick Papers,,EN + DE translation (verify),Project Gutenberg / IA (verify)
341,Charles Dickens,A Tale of Two Cities,,EN + DE translation (verify),Project Gutenberg / IA (verify)
342,Charles Dickens,Our Mutual Friend,,EN + DE translation (verify),Project Gutenberg / IA (verify)
343,Charles Dickens,Barnaby Rudge,,EN + DE translation (verify),Project Gutenberg / IA (verify)
344,Charles Dickens,The Old Curiosity Shop,,EN + DE translation (verify),Project Gutenberg / IA (verify)
345,Charles Dickens,Dombey and Son,,EN + DE translation (verify),Project Gutenberg / IA (verify)
346,Charles Dickens,Martin Chuzzlewit,,EN + DE translation (verify),Project Gutenberg / IA (verify)
347,Arthur Conan Doyle,The Sign of the Four,,EN + DE translation (verify),Project Gutenberg / IA (verify)
348,Arthur Conan Doyle,The Adventures of Sherlock Holmes,,EN + DE translation (verify),Project Gutenberg / IA (verify)
349,Arthur Conan Doyle,The Memoirs of Sherlock Holmes,,EN + DE translation (verify),Project Gutenberg / IA (verify)
350,Arthur Conan Doyle,The Return of Sherlock Holmes,,EN + DE translation (verify),Project Gutenberg / IA (verify)
351,Arthur Conan Doyle,His Last Bow,,EN + DE translation (verify),Project Gutenberg / IA (verify)
352,Arthur Conan Doyle,The Case-Book of Sherlock Holmes,,EN + DE translation (verify),Project Gutenberg / IA (verify)
353,Arthur Conan Doyle,The Valley of Fear,,EN + DE translation (verify),Project Gutenberg / IA (verify)
354,Arthur Conan Doyle,The Final Problem,,EN + DE translation (verify),Project Gutenberg / IA (verify)
355,Arthur Conan Doyle,A Scandal in Bohemia,,EN + DE translation (verify),Project Gutenberg / IA (verify)
356,Arthur Conan Doyle,The Red-Headed League,,EN + DE translation (verify),Project Gutenberg / IA (verify)
357,Arthur Conan Doyle,The Speckled Band,,EN + DE translation (verify),Project Gutenberg / IA (verify)
358,Arthur Conan Doyle,Silver Blaze,,EN + DE translation (verify),Project Gutenberg / IA (verify)
359,H. G. Wells,The Invisible Man,,EN + DE translation (verify),Project Gutenberg / IA (verify)
360,H. G. Wells,The Island of Doctor Moreau,,EN + DE translation (verify),Project Gutenberg / IA (verify)
361,H. G. Wells,The First Men in the Moon,,EN + DE translation (verify),Project Gutenberg / IA (verify)
362,H. G. Wells,The Sleeper Awakes,,EN + DE translation (verify),Project Gutenberg / IA (verify)
363,H. G. Wells,The Shape of Things to Come (check PD jurisdiction),,EN + DE translation (verify),Project Gutenberg / IA (verify)
364,H. G. Wells,The Food of the Gods,,EN + DE translation (verify),Project Gutenberg / IA (verify)
365,H. G. Wells,The Door in the Wall,,EN + DE translation (verify),Project Gutenberg / IA (verify)
366,H. G. Wells,The New Machiavelli,,EN + DE translation (verify),Project Gutenberg / IA (verify)
367,H. G. Wells,The History of Mr Polly,,EN + DE translation (verify),Project Gutenberg / IA (verify)
368,H. G. Wells,The World Set Free,,EN + DE translation (verify),Project Gutenberg / IA (verify)
369,Immanuel Kant,Critique of Pure Reason,Kritik der reinen Vernunft,EN/DE (verify),Wikisource / Project Gutenberg / IA (verify)
370,Immanuel Kant,Critique of Practical Reason,Kritik der praktischen Vernunft,EN/DE (verify),Wikisource / Project Gutenberg / IA (verify)
371,Immanuel Kant,Groundwork of the Metaphysics of Morals,Grundlegung zur Metaphysik der Sitten,EN/DE (verify),Wikisource / Project Gutenberg / IA (verify)
372,Friedrich Nietzsche,Thus Spoke Zarathustra,Also sprach Zarathustra,EN/DE (verify),Wikisource / Project Gutenberg / IA (verify)
373,Friedrich Nietzsche,Beyond Good and Evil,Jenseits von Gut und Böse,EN/DE (verify),Wikisource / Project Gutenberg / IA (verify)
374,Friedrich Nietzsche,On the Genealogy of Morality,Zur Genealogie der Moral,EN/DE (verify),Wikisource / Project Gutenberg / IA (verify)
375,Sigmund Freud,The Interpretation of Dreams,Die Traumdeutung,EN/DE (verify),Wikisource / Project Gutenberg / IA (verify)
376,Sigmund Freud,Three Essays on the Theory of Sexuality,Drei Abhandlungen zur Sexualtheorie,EN/DE (verify),Wikisource / Project Gutenberg / IA (verify)
377,Sigmund Freud,Civilization and Its Discontents,Das Unbehagen in der Kultur,EN/DE (verify),Wikisource / Project Gutenberg / IA (verify)
378,René Descartes,Meditations on First Philosophy,Meditationen über die Erste Philosophie,EN/DE (verify),Wikisource / Project Gutenberg / IA (verify)
379,Baruch Spinoza,Ethics,Ethik,EN/DE (verify),Wikisource / Project Gutenberg / IA (verify)
380,John Locke,An Essay Concerning Human Understanding,Essay über den menschlichen Verstand,EN/DE (verify),Wikisource / Project Gutenberg / IA (verify)
381,David Hume,An Enquiry Concerning Human Understanding,Eine Untersuchung über den menschlichen Verstand,EN/DE (verify),Wikisource / Project Gutenberg / IA (verify)
382,Jean-Jacques Rousseau,The Social Contract,Der Gesellschaftsvertrag,EN/DE (verify),Wikisource / Project Gutenberg / IA (verify)
383,Thomas Hobbes,Leviathan,Leviathan,EN/DE (verify),Wikisource / Project Gutenberg / IA (verify)
384,Leo Tolstoy,Short Stories and Parables,Erzählungen und Parabeln,EN/DE (verify),Project Gutenberg / Wikisource / IA (verify)
385,Anton Chekhov,The Cherry Orchard,Der Kirschgarten,EN/DE (verify),Project Gutenberg / Wikisource / IA (verify)
386,Anton Chekhov,Uncle Vanya,Onkel Wanja,EN/DE (verify),Project Gutenberg / Wikisource / IA (verify)
387,Henrik Ibsen,Hedda Gabler,Hedda Gabler,EN/DE (verify),Project Gutenberg / Wikisource / IA (verify)
388,Henrik Ibsen,An Enemy of the People,Ein Volksfeind,EN/DE (verify),Project Gutenberg / Wikisource / IA (verify)
389,Nikolai Gogol,Dead Souls,Die toten Seelen,EN/DE (verify),Project Gutenberg / Wikisource / IA (verify)
390,Nikolai Gogol,The Government Inspector,Der Revisor,EN/DE (verify),Project Gutenberg / Wikisource / IA (verify)
391,Ivan Turgenev,Fathers and Sons,Väter und Söhne,EN/DE (verify),Project Gutenberg / Wikisource / IA (verify)
392,Alexander Pushkin,Eugene Onegin,Eugen Onegin,EN/DE (verify),Project Gutenberg / Wikisource / IA (verify)
393,Alexander Pushkin,The Queen of Spades,Pique Dame,EN/DE (verify),Project Gutenberg / Wikisource / IA (verify)
394,Anton Chekhov,The Seagull,Die Möwe,EN/DE (verify),Project Gutenberg / Wikisource / IA (verify)
395,Anton Chekhov,Three Sisters,Drei Schwestern,EN/DE (verify),Project Gutenberg / Wikisource / IA (verify)
396,E. M. Forster,A Room with a View,Zimmer mit Aussicht,EN/DE (verify),Project Gutenberg / Wikisource / IA (verify)
397,E. M. Forster,Howards End,Howards End,EN/DE (verify),Project Gutenberg / Wikisource / IA (verify)
398,Rabindranath Tagore,Gitanjali,Gitanjali,EN/DE (verify),Project Gutenberg / Wikisource / IA (verify)
399,H. P. Lovecraft,The Dream-Quest of Unknown Kadath,Die Traumfahrt nach dem unbekannten Kadath,EN/DE (verify),Project Gutenberg / Wikisource / IA (verify)
400,James Joyce,A Portrait of the Artist as a Young Man,Porträt des Künstlers als junger Mann,EN/DE (verify),Project Gutenberg / Wikisource / IA (verify)
401,Herman Melville,"Bartleby, the Scrivener","Bartleby, der Schreiber",EN/DE (verify),Project Gutenberg / Wikisource / IA (verify)
402,Edgar Allan Poe,The Narrative of Arthur Gordon Pym,Die Geschichte des Arthur Gordon Pym,EN/DE (verify),Project Gutenberg / Wikisource / IA (verify)
403,H. Rider Haggard,Allan and the Holy Flower,Allan und die heilige Blume,EN/DE (verify),Project Gutenberg / Wikisource / IA (verify)
404,Jack London,The Star Rover,Der Sternwanderer,EN/DE (verify),Project Gutenberg / Wikisource / IA (verify)
405,Joseph Conrad,The Nigger of the 'Narcissus',Der Neger der 'Narcissus' (historischer Titel),EN/DE (verify),Project Gutenberg / Wikisource / IA (verify)
406,Louisa May Alcott,Eight Cousins,Acht Cousinen,EN/DE (verify),Project Gutenberg / Wikisource / IA (verify)
407,Frances Hodgson Burnett,The Lost Prince,Der verlorene Prinz,EN/DE (verify),Project Gutenberg / Wikisource / IA (verify)
408,Edith Wharton,The Reef,Das Riff,EN/DE (verify),Project Gutenberg / Wikisource / IA (verify)
409,Sir Walter Scott,Ivanhoe,,verify,Project Gutenberg / Wikisource / IA (verify)
410,Sir Walter Scott,Rob Roy,,verify,Project Gutenberg / Wikisource / IA (verify)
411,Sir Walter Scott,Waverley,,verify,Project Gutenberg / Wikisource / IA (verify)
412,Sir Walter Scott,The Heart of Mid-Lothian,,verify,Project Gutenberg / Wikisource / IA (verify)
413,Sir Walter Scott,The Bride of Lammermoor,,verify,Project Gutenberg / Wikisource / IA (verify)
414,Sir Walter Scott,Quentin Durward,,verify,Project Gutenberg / Wikisource / IA (verify)
415,Sir Walter Scott,Old Mortality,,verify,Project Gutenberg / Wikisource / IA (verify)
416,Sir Walter Scott,The Talisman,,verify,Project Gutenberg / Wikisource / IA (verify)
417,Sir Walter Scott,Kenilworth,,verify,Project Gutenberg / Wikisource / IA (verify)
418,Sir Walter Scott,Guy Mannering,,verify,Project Gutenberg / Wikisource / IA (verify)
419,Homer (trans.),Hymns (Homeric Hymns),,verify,Project Gutenberg / Wikisource / IA (verify)
420,Thomas Hardy,Tess of the d'Urbervilles,,verify,Project Gutenberg / Wikisource / IA (verify)
421,Thomas Hardy,Far from the Madding Crowd,,verify,Project Gutenberg / Wikisource / IA (verify)
422,Thomas Hardy,Jude the Obscure,,verify,Project Gutenberg / Wikisource / IA (verify)
423,Thomas Hardy,The Return of the Native,,verify,Project Gutenberg / Wikisource / IA (verify)
424,Thomas Hardy,The Mayor of Casterbridge,,verify,Project Gutenberg / Wikisource / IA (verify)
425,George Eliot,Middlemarch,,verify,Project Gutenberg / Wikisource / IA (verify)
426,George Eliot,Silas Marner,,verify,Project Gutenberg / Wikisource / IA (verify)
427,George Eliot,The Mill on the Floss,,verify,Project Gutenberg / Wikisource / IA (verify)
428,George Eliot,Daniel Deronda,,verify,Project Gutenberg / Wikisource / IA (verify)
429,George Eliot,Adam Bede,,verify,Project Gutenberg / Wikisource / IA (verify)
430,Wilkie Collins,The Woman in White,,verify,Project Gutenberg / Wikisource / IA (verify)
431,Wilkie Collins,The Moonstone,,verify,Project Gutenberg / Wikisource / IA (verify)
432,Wilkie Collins,No Name,,verify,Project Gutenberg / Wikisource / IA (verify)
433,Wilkie Collins,Armadale,,verify,Project Gutenberg / Wikisource / IA (verify)
434,Wilkie Collins,Poor Miss Finch,,verify,Project Gutenberg / Wikisource / IA (verify)
435,Émile Zola,Germinal,,verify,Project Gutenberg / Wikisource / IA (verify)
436,Émile Zola,Nana,,verify,Project Gutenberg / Wikisource / IA (verify)
437,Émile Zola,Therese Raquin,,verify,Project Gutenberg / Wikisource / IA (verify)
438,Émile Zola,The Ladies' Paradise,,verify,Project Gutenberg / Wikisource / IA (verify)
439,Émile Zola,The Belly of Paris,,verify,Project Gutenberg / Wikisource / IA (verify)
440,Émile Zola,The Kill,,verify,Project Gutenberg / Wikisource / IA (verify)
441,Émile Zola,La Bête Humaine,,verify,Project Gutenberg / Wikisource / IA (verify)
442,Émile Zola,The Fortune of the Rougons,,verify,Project Gutenberg / Wikisource / IA (verify)
443,Thomas More,Utopia,,verify,Project Gutenberg / Wikisource / IA (verify)
444,Jonathan Swift,Gulliver's Travels,,verify,Project Gutenberg / Wikisource / IA (verify)
445,Jonathan Swift,A Tale of a Tub,,verify,Project Gutenberg / Wikisource / IA (verify)
446,Daniel Defoe,Robinson Crusoe,,verify,Project Gutenberg / Wikisource / IA (verify)
447,Daniel Defoe,Moll Flanders,,verify,Project Gutenberg / Wikisource / IA (verify)
448,Daniel Defoe,A Journal of the Plague Year,,verify,Project Gutenberg / Wikisource / IA (verify)
449,Voltaire,Candide,,verify,Project Gutenberg / Wikisource / IA (verify)
450,Voltaire,Letters on England,,verify,Project Gutenberg / Wikisource / IA (verify)
451,Voltaire,Philosophical Dictionary,,verify,Project Gutenberg / Wikisource / IA (verify)
452,Mary Wollstonecraft,A Vindication of the Rights of Woman,,verify,Project Gutenberg / Wikisource / IA (verify)
453,John Milton,Paradise Lost,,verify,Project Gutenberg / Wikisource / IA (verify)
454,John Milton,Paradise Regained,,verify,Project Gutenberg / Wikisource / IA (verify)
455,John Milton,Areopagitica,,verify,Project Gutenberg / Wikisource / IA (verify)
456,Alexander Pope,The Rape of the Lock,,verify,Project Gutenberg / Wikisource / IA (verify)
457,Alexander Pope,An Essay on Man,,verify,Project Gutenberg / Wikisource / IA (verify)
458,Geoffrey Chaucer,Troilus and Criseyde,,verify,Project Gutenberg / Wikisource / IA (verify)
459,John Bunyan,The Pilgrim's Progress,,verify,Project Gutenberg / Wikisource / IA (verify)
460,Sir Thomas Malory,Le Morte d'Arthur,,verify,Project Gutenberg / Wikisource / IA (verify)
461,Anonymous,Arabian Nights (One Thousand and One Nights),,verify,Project Gutenberg / Wikisource / IA (verify)
462,Anonymous,Panchatantra,,verify,Project Gutenberg / Wikisource / IA (verify)
463,Anonymous,The Upanishads (selection),,verify,Project Gutenberg / Wikisource / IA (verify)
464,Anonymous,Bhagavad Gita,,verify,Project Gutenberg / Wikisource / IA (verify)
465,J. M. Barrie,Peter Pan,,verify,Project Gutenberg / IA (verify)
466,J. M. Barrie,Peter Pan in Kensington Gardens,,verify,Project Gutenberg / IA (verify)
467,J. M. Barrie,Dear Brutus,,verify,Project Gutenberg / IA (verify)
468,J. M. Barrie,Quality Street,,verify,Project Gutenberg / IA (verify)
469,Robert Browning,Selected Poems,,verify,Project Gutenberg / IA (verify)
470,Elizabeth Barrett Browning,Sonnets from the Portuguese,,verify,Project Gutenberg / IA (verify)
471,Hector Hugh Munro (Saki),Beasts and Super-Beasts,,verify,Project Gutenberg / IA (verify)
472,Hector Hugh Munro (Saki),The Chronicles of Clovis,,verify,Project Gutenberg / IA (verify)
473,Anton Chekhov,Selected Plays,,verify,Project Gutenberg / IA (verify)
474,Anton Chekhov,Selected Stories,,verify,Project Gutenberg / IA (verify)
475,Guy de Maupassant,Bel-Ami,,verify,Project Gutenberg / IA (verify)
476,Guy de Maupassant,Selected Short Stories,,verify,Project Gutenberg / IA (verify)
477,Guy de Maupassant,Pierre and Jean,,verify,Project Gutenberg / IA (verify)
478,Ivan Bunin,Selected Stories (check PD jurisdiction),,verify,Project Gutenberg / IA (verify)
479,Stendhal,The Red and the Black,Rot und Schwarz,EN/DE (verify),Project Gutenberg / Wikisource / IA (verify)
480,Stendhal,The Charterhouse of Parma,Die Kartause von Parma,EN/DE (verify),Project Gutenberg / Wikisource / IA (verify)
481,Henry Fielding,"The History of Tom Jones, a Foundling",Tom Jones,EN/DE (verify),Project Gutenberg / Wikisource / IA (verify)
482,Laurence Sterne,"The Life and Opinions of Tristram Shandy, Gentleman",Tristram Shandy,EN/DE (verify),Project Gutenberg / Wikisource / IA (verify)
483,Samuel Richardson,"Pamela; or, Virtue Rewarded",Pamela,EN/DE (verify),Project Gutenberg / Wikisource / IA (verify)
484,Samuel Richardson,"Clarissa; or, The History of a Young Lady",Clarissa,EN/DE (verify),Project Gutenberg / Wikisource / IA (verify)
485,Aphra Behn,Oroonoko,Oroonoko,EN/DE (verify),Project Gutenberg / Wikisource / IA (verify)
486,Daniel Defoe,Captain Singleton,Captain Singleton,EN/DE (verify),Project Gutenberg / Wikisource / IA (verify)
487,Herman Melville,Typee,Typee,EN/DE (verify),Project Gutenberg / Wikisource / IA (verify)
488,Herman Melville,Billy Budd,Billy Budd,EN/DE (verify),Project Gutenberg / Wikisource / IA (verify)
489,Nathaniel Hawthorne,The House of the Seven Gables,Das Haus der sieben Giebel,EN/DE (verify),Project Gutenberg / Wikisource / IA (verify)
490,Nathaniel Hawthorne,The Blithedale Romance,Der Blithedale-Roman,EN/DE (verify),Project Gutenberg / Wikisource / IA (verify)
491,Mark Twain,A Connecticut Yankee in King Arthur's Court,Ein Yankee am Hofe des König Artus,EN/DE (verify),Project Gutenberg / Wikisource / IA (verify)
492,Mark Twain,The Prince and the Pauper,Der Prinz und der Bettelknabe,EN/DE (verify),Project Gutenberg / Wikisource / IA (verify)
493,Edgar Allan Poe,The Tell-Tale Heart (short story),Das verräterische Herz,EN/DE (verify),Project Gutenberg / Wikisource / IA (verify)
494,Edgar Allan Poe,The Fall of the House of Usher,Der Untergang des Hauses Usher,EN/DE (verify),Project Gutenberg / Wikisource / IA (verify)
495,Jonathan Swift,A Modest Proposal,Ein bescheidener Vorschlag,EN/DE (verify),Project Gutenberg / Wikisource / IA (verify)
496,Thomas Paine,Common Sense,Common Sense,EN/DE (verify),Project Gutenberg / Wikisource / IA (verify)
497,Benjamin Franklin,The Autobiography of Benjamin Franklin,Autobiographie,EN/DE (verify),Project Gutenberg / Wikisource / IA (verify)
498,John Stuart Mill,On Liberty,Über die Freiheit,EN/DE (verify),Project Gutenberg / Wikisource / IA (verify)
499,Mary Elizabeth Braddon,Lady Audley's Secret,Lady Audleys Geheimnis,EN/DE (verify),Project Gutenberg / Wikisource / IA (verify)
500,Elizabeth Gaskell,North and South,Nord und Süd,EN/DE (verify),Project Gutenberg / Wikisource / IA (verify)
